{"cameraMode":{"drawMode":0,"name":"Shaded","section":"Shading Mode"},"sceneLighting":true,"audioPlay":false,"sceneViewState":{"showFog":true,"showMaterialUpdate":false,"showSkybox":true,"showFlares":true,"showImageEffects":true,"showParticleSystems":true,"showVisualEffectGraphs":true,"m_FxEnabled":true},"in2DMode":false,"pivot":{"x":-0.6504717469215393,"y":-0.37026357650756838,"z":0.9150257110595703},"rotation":{"x":-0.08418790996074677,"y":0.023013386875391008,"z":-0.0019445973448455334,"w":-0.9961915612220764},"size":7.116040229797363,"orthographic":false}